-- phpMyAdmin SQL Dump
-- version 4.9.2
-- https://www.phpmyadmin.net/
--
-- Host: 127.0.0.1:3306
-- Generation Time: Apr 21, 2020 at 04:39 PM
-- Server version: 10.4.10-MariaDB
-- PHP Version: 7.3.12

SET SQL_MODE = "NO_AUTO_VALUE_ON_ZERO";
SET AUTOCOMMIT = 0;
START TRANSACTION;
SET time_zone = "+00:00";


/*!40101 SET @OLD_CHARACTER_SET_CLIENT=@@CHARACTER_SET_CLIENT */;
/*!40101 SET @OLD_CHARACTER_SET_RESULTS=@@CHARACTER_SET_RESULTS */;
/*!40101 SET @OLD_COLLATION_CONNECTION=@@COLLATION_CONNECTION */;
/*!40101 SET NAMES utf8mb4 */;

--
-- Database: `evotingsystem`
--

-- --------------------------------------------------------

--
-- Table structure for table `admin`
--

DROP TABLE IF EXISTS `admin`;
CREATE TABLE IF NOT EXISTS `admin` (
  `id` int(11) NOT NULL AUTO_INCREMENT,
  `username` varchar(10) NOT NULL,
  `password` varchar(10) NOT NULL,
  `firstname` varchar(10) NOT NULL,
  `lastname` varchar(10) NOT NULL,
  `created_on` date NOT NULL,
  PRIMARY KEY (`id`)
) ENGINE=MyISAM AUTO_INCREMENT=8 DEFAULT CHARSET=latin1;

--
-- Dumping data for table `admin`
--

INSERT INTO `admin` (`id`, `username`, `password`, `firstname`, `lastname`, `created_on`) VALUES
(1, 'admin', 'admin', 'super', 'admin', '2020-02-10');

-- --------------------------------------------------------

--
-- Table structure for table `candidates`
--

DROP TABLE IF EXISTS `candidates`;
CREATE TABLE IF NOT EXISTS `candidates` (
  `id` int(11) NOT NULL AUTO_INCREMENT,
  `position_id` int(11) NOT NULL,
  `firstname` varchar(30) NOT NULL,
  `lastname` varchar(30) NOT NULL,
  `photo` varchar(150) NOT NULL,
  `platform` text NOT NULL,
  PRIMARY KEY (`id`)
) ENGINE=InnoDB AUTO_INCREMENT=106 DEFAULT CHARSET=latin1;

--
-- Dumping data for table `candidates`
--

INSERT INTO `candidates` (`id`, `position_id`, `firstname`, `lastname`, `photo`, `platform`) VALUES
(43, 27, 'Lim', ' Kit Siang', '', 'Hello'),
(44, 27, 'Gobind ', 'Singh Deo', '', ''),
(45, 27, 'Lim ', 'Guan Eng', '', ''),
(46, 27, 'Anthony ', 'Loke Siew Fook', '', ''),
(47, 27, 'Liew', ' Chin Tong', '', ''),
(48, 15, ' Teo', ' Nie Ching', '', 'Hello\r\n'),
(49, 15, 'Chong ', 'Chieng Jen', '', 'Hi'),
(50, 15, ' Kok ', 'Suh Sim', '', ''),
(51, 15, 'Tan ', 'Kok Wai', '', ''),
(52, 15, 'Tony ', 'Pua Kiam Wee', '', ''),
(53, 15, 'Nga', ' Kor Ming ', '', ''),
(54, 15, ' Fong ', 'Kui Lun', '', ''),
(55, 15, 'Chow', ' Kon Yeow', '', ''),
(56, 15, 'M. ', 'Kulasegaran', '', ''),
(57, 15, ' Chong ', 'Eng', '', ''),
(58, 15, 'Teng ', 'Chang Khim', '', ''),
(59, 15, 'Ronnie ', 'Liu Tian Khiew', '', ''),
(60, 15, ' Ngeh ', 'Koo Ham', '', ''),
(61, 15, 'Zairil ', 'Khir Johari', '', ''),
(62, 15, 'Sivakumar ', 'Varatharaju Naidu ', '', ''),
(63, 15, 'Ean ', 'Yong Hian Wah', '', ''),
(64, 15, 'Vincent ', 'Wu Him Ven ', '', ''),
(65, 15, 'Lim', ' Lip Eng', '', ''),
(66, 15, 'Tengku Zulpuri Shah ', 'Bin Raja Puji', '', ''),
(67, 15, 'Thomas ', 'Su Keong Siong', '', ''),
(68, 15, 'Boo ', 'Cheng Hau', '', ''),
(69, 15, 'Ganabatirau ', 'Veraman', '', ''),
(70, 15, 'Teo ', 'Kok Seong', '', ''),
(71, 15, 'P. Ramasamy ', 'Palanisamy', '', ''),
(72, 15, 'Leong', ' Ngah Ngah', '', ''),
(73, 15, 'Khoo', ' Poay Tiong', '', ''),
(74, 15, 'Jagdeep ', 'Singh Deo', '', ''),
(75, 15, 'Violet', ' Yong Wui Wui', '', ''),
(76, 15, 'Tan ', 'Seng Giaw', '', ''),
(77, 15, 'Ariffin', ' S M Omar', '', ''),
(78, 15, 'Ahmad ', 'Bin Ton', '', ''),
(79, 15, 'Jeff ', 'Ooi Chuan Aun', '', ''),
(80, 15, 'Wong Sze Phin ', '@ Jimmy', '', ''),
(81, 15, 'Apalasamy ', 'Jataliah', '', ''),
(82, 15, 'Ng ', 'Wei Aik', '', ''),
(83, 15, ' R.S.N. ', 'Rayer ', '', ''),
(84, 15, 'Kamache ', 'Doray Rajoo', '', ''),
(85, 15, 'Er', ' Teck Hwa', '', ''),
(86, 15, 'Manogaran ', 'Marimuthu', '', ''),
(87, 15, 'Sivanesan', ' Achalingam', '', ''),
(88, 15, ' Sivasubramaniam ', 'Athinarayanan', '', ''),
(89, 15, 'Choong ', 'Siew Onn ', '', ''),
(90, 15, 'Manoharan ', 'Malayalam ', '', ''),
(91, 15, 'Tan ', 'Boon Peng', '', ''),
(92, 15, 'Teh ', 'Yee Cheu', '', ''),
(93, 15, 'Tan ', 'Lee Koon', '', ''),
(94, 15, 'Tanasekharan ', 'Autherapady', '', ''),
(95, 15, 'Letchimanan', ' Thatharan', '', ''),
(96, 15, 'Ng ', 'Chin Tsai', '', ''),
(97, 15, ' Gnanaguru', ' Ganisan ', '', ''),
(98, 27, 'Lee', ' Guan Aik', '', ''),
(99, 15, 'Harun', ' Bin Ahmad ', '', ''),
(100, 15, 'Leon', ' Jimat Donald', '', ''),
(101, 15, 'Siow ', 'Kim Leong ', '', ''),
(102, 15, 'Solaiman O.p ', 'Syed Ibrahim', '', ''),
(103, 15, 'Soh ', 'Boon Hong', '', ''),
(104, 15, 'Wong ', 'Sai Hoong', '', ''),
(105, 27, 'lee', 'chia shen', '', 'Hi');

-- --------------------------------------------------------

--
-- Table structure for table `positions`
--

DROP TABLE IF EXISTS `positions`;
CREATE TABLE IF NOT EXISTS `positions` (
  `id` int(11) NOT NULL AUTO_INCREMENT,
  `description` varchar(50) NOT NULL,
  `max_vote` int(11) NOT NULL,
  `priority` int(11) NOT NULL,
  PRIMARY KEY (`id`)
) ENGINE=MyISAM AUTO_INCREMENT=28 DEFAULT CHARSET=latin1;

--
-- Dumping data for table `positions`
--

INSERT INTO `positions` (`id`, `description`, `max_vote`, `priority`) VALUES
(27, 'local', 5, 2),
(15, 'national', 20, 1);

-- --------------------------------------------------------

--
-- Table structure for table `voter`
--

DROP TABLE IF EXISTS `voter`;
CREATE TABLE IF NOT EXISTS `voter` (
  `id` int(11) NOT NULL AUTO_INCREMENT,
  `voter_id` varchar(10) NOT NULL,
  `password` varchar(12) NOT NULL,
  `firstname` varchar(10) NOT NULL,
  `lastname` varchar(10) NOT NULL,
  PRIMARY KEY (`id`)
) ENGINE=MyISAM AUTO_INCREMENT=127 DEFAULT CHARSET=latin1;

--
-- Dumping data for table `voter`
--

INSERT INTO `voter` (`id`, `voter_id`, `password`, `firstname`, `lastname`) VALUES
(112, '1', '1', '1', '1'),
(111, '10', '10', '10', '10'),
(110, '9', '9', '9', '9'),
(109, '8', '8', '8', '8'),
(108, '7', '7', '7', '7'),
(107, '6', '6', '6', '6'),
(106, '5', '5', '5', '5'),
(105, '4', '4', '4', '4'),
(113, '11', '11', '11', '11'),
(103, '2', '2', '2', '2'),
(104, '3', '3', '3', '3'),
(114, '12', '111111111111', '12', '12'),
(115, '13', '111111111111', '13', '13'),
(116, '14', '111111111111', '14', '14'),
(117, '15', '111111111111', '15', '15'),
(120, 'CpP3g', '111111111111', '16', '16'),
(121, 'SOAnk', '111111111111', '17', '17'),
(123, 'I61Gs', '961204305053', 'lee', 'chia shen'),
(124, 'H1VJs', '222222222222', 'lee ', 'la la'),
(125, '1', '1', '1', '1'),
(126, '5vudJ', '123123123123', 'Jason', 'Lee');

-- --------------------------------------------------------

--
-- Table structure for table `votes`
--

DROP TABLE IF EXISTS `votes`;
CREATE TABLE IF NOT EXISTS `votes` (
  `id` int(11) NOT NULL AUTO_INCREMENT,
  `voters_id` varchar(3) NOT NULL,
  `candidate_id` varchar(3) NOT NULL,
  `position_id` int(3) NOT NULL,
  PRIMARY KEY (`id`)
) ENGINE=MyISAM AUTO_INCREMENT=317 DEFAULT CHARSET=latin1;

--
-- Dumping data for table `votes`
--

INSERT INTO `votes` (`id`, `voters_id`, `candidate_id`, `position_id`) VALUES
(57, '102', '43', 15),
(58, '102', '44', 15),
(59, '102', '45', 15),
(60, '102', '46', 15),
(61, '102', '50', 15),
(62, '102', '52', 15),
(63, '102', '54', 15),
(64, '102', '56', 15),
(65, '102', '57', 15),
(66, '102', '59', 15),
(67, '102', '60', 15),
(68, '102', '63', 15),
(69, '102', '64', 15),
(70, '102', '66', 15),
(71, '102', '70', 15),
(72, '102', '71', 15),
(73, '102', '72', 15),
(74, '102', '75', 15),
(75, '102', '76', 15),
(76, '102', '77', 15),
(77, '102', '80', 15),
(78, '102', '81', 15),
(79, '102', '82', 15),
(80, '102', '83', 15),
(81, '102', '86', 15),
(82, '102', '89', 15),
(83, '102', '90', 15),
(84, '102', '93', 15),
(85, '102', '94', 15),
(86, '102', '96', 15),
(87, '103', '43', 15),
(88, '103', '44', 15),
(89, '103', '46', 15),
(90, '103', '47', 15),
(91, '103', '48', 15),
(92, '103', '49', 15),
(93, '103', '50', 15),
(94, '103', '51', 15),
(95, '103', '53', 15),
(96, '103', '54', 15),
(97, '103', '55', 15),
(98, '103', '58', 15),
(99, '103', '59', 15),
(100, '103', '62', 15),
(101, '103', '63', 15),
(102, '103', '64', 15),
(103, '103', '66', 15),
(104, '103', '71', 15),
(105, '103', '72', 15),
(106, '103', '76', 15),
(107, '103', '77', 15),
(108, '103', '80', 15),
(109, '103', '81', 15),
(110, '103', '82', 15),
(111, '103', '83', 15),
(112, '103', '87', 15),
(113, '103', '88', 15),
(114, '103', '90', 15),
(115, '103', '91', 15),
(116, '103', '93', 15),
(117, '104', '43', 15),
(118, '104', '44', 15),
(119, '104', '49', 15),
(120, '104', '50', 15),
(121, '104', '51', 15),
(122, '104', '52', 15),
(123, '104', '55', 15),
(124, '104', '56', 15),
(125, '104', '59', 15),
(126, '104', '60', 15),
(127, '104', '63', 15),
(128, '104', '64', 15),
(129, '104', '67', 15),
(130, '104', '68', 15),
(131, '104', '73', 15),
(132, '104', '74', 15),
(133, '104', '79', 15),
(134, '104', '81', 15),
(135, '104', '86', 15),
(136, '104', '91', 15),
(137, '105', '43', 15),
(138, '105', '45', 15),
(139, '105', '47', 15),
(140, '105', '48', 15),
(141, '105', '50', 15),
(142, '105', '55', 15),
(143, '105', '69', 15),
(144, '105', '70', 15),
(145, '105', '71', 15),
(146, '105', '73', 15),
(147, '105', '75', 15),
(148, '105', '79', 15),
(149, '105', '81', 15),
(150, '105', '91', 15),
(151, '105', '92', 15),
(152, '105', '95', 15),
(153, '105', '96', 15),
(154, '105', '99', 15),
(155, '105', '101', 15),
(156, '105', '103', 15),
(157, '106', '43', 15),
(158, '106', '46', 15),
(159, '106', '47', 15),
(160, '106', '51', 15),
(161, '106', '52', 15),
(162, '106', '55', 15),
(163, '106', '56', 15),
(164, '106', '60', 15),
(165, '106', '61', 15),
(166, '106', '65', 15),
(167, '106', '69', 15),
(168, '106', '72', 15),
(169, '106', '73', 15),
(170, '106', '76', 15),
(171, '106', '77', 15),
(172, '106', '81', 15),
(173, '106', '82', 15),
(174, '106', '85', 15),
(175, '106', '86', 15),
(176, '106', '88', 15),
(177, '107', '47', 15),
(178, '107', '51', 15),
(179, '107', '52', 15),
(180, '107', '57', 15),
(181, '107', '58', 15),
(182, '107', '62', 15),
(183, '107', '63', 15),
(184, '107', '67', 15),
(185, '107', '71', 15),
(186, '107', '72', 15),
(187, '107', '76', 15),
(188, '107', '77', 15),
(189, '107', '81', 15),
(190, '107', '82', 15),
(191, '107', '86', 15),
(192, '107', '87', 15),
(193, '107', '91', 15),
(194, '107', '96', 15),
(195, '107', '100', 15),
(196, '107', '101', 15),
(197, '108', '44', 15),
(198, '108', '48', 15),
(199, '108', '53', 15),
(200, '108', '57', 15),
(201, '108', '61', 15),
(202, '108', '65', 15),
(203, '108', '69', 15),
(204, '108', '73', 15),
(205, '108', '77', 15),
(206, '108', '81', 15),
(207, '108', '85', 15),
(208, '108', '87', 15),
(209, '108', '90', 15),
(210, '108', '93', 15),
(211, '108', '94', 15),
(212, '108', '97', 15),
(213, '108', '101', 15),
(214, '108', '102', 15),
(215, '108', '103', 15),
(216, '108', '104', 15),
(217, '109', '43', 15),
(218, '109', '45', 15),
(219, '109', '48', 15),
(220, '109', '49', 15),
(221, '109', '53', 15),
(222, '109', '54', 15),
(223, '109', '57', 15),
(224, '109', '58', 15),
(225, '109', '62', 15),
(226, '109', '63', 15),
(227, '109', '67', 15),
(228, '109', '68', 15),
(229, '109', '72', 15),
(230, '109', '73', 15),
(231, '109', '77', 15),
(232, '109', '78', 15),
(233, '109', '81', 15),
(234, '109', '82', 15),
(235, '109', '85', 15),
(236, '109', '86', 15),
(237, '110', '43', 15),
(238, '110', '44', 15),
(239, '110', '47', 15),
(240, '110', '48', 15),
(241, '110', '56', 15),
(242, '110', '57', 15),
(243, '110', '63', 15),
(244, '110', '68', 15),
(245, '110', '73', 15),
(246, '110', '78', 15),
(247, '110', '82', 15),
(248, '110', '86', 15),
(249, '110', '91', 15),
(250, '110', '96', 15),
(251, '110', '97', 15),
(252, '110', '98', 15),
(253, '110', '100', 15),
(254, '110', '101', 15),
(255, '110', '103', 15),
(256, '110', '104', 15),
(257, '111', '43', 15),
(258, '111', '44', 15),
(259, '111', '45', 15),
(260, '111', '47', 15),
(261, '111', '50', 15),
(262, '111', '53', 15),
(263, '111', '56', 15),
(264, '111', '59', 15),
(265, '111', '61', 15),
(266, '111', '64', 15),
(267, '111', '65', 15),
(268, '111', '69', 15),
(269, '111', '72', 15),
(270, '111', '73', 15),
(271, '111', '76', 15),
(272, '111', '80', 15),
(273, '111', '87', 15),
(274, '111', '91', 15),
(275, '111', '95', 15),
(276, '111', '98', 15),
(277, '113', '43', 15),
(278, '113', '45', 15),
(279, '113', '47', 15),
(280, '113', '48', 15),
(281, '113', '50', 15),
(282, '113', '53', 15),
(283, '113', '55', 15),
(284, '113', '58', 15),
(285, '113', '62', 15),
(286, '113', '64', 15),
(287, '113', '66', 15),
(288, '113', '68', 15),
(289, '113', '70', 15),
(290, '113', '73', 15),
(291, '113', '76', 15),
(292, '113', '80', 15),
(293, '113', '84', 15),
(294, '113', '88', 15),
(295, '113', '92', 15),
(296, '113', '96', 15),
(297, '114', '47', 15),
(298, '114', '51', 15),
(299, '114', '55', 15),
(300, '114', '58', 15),
(301, '114', '63', 15),
(302, '114', '68', 15),
(303, '114', '72', 15),
(304, '114', '74', 15),
(305, '114', '78', 15),
(306, '114', '81', 15),
(307, '114', '85', 15),
(308, '114', '87', 15),
(309, '114', '90', 15),
(310, '114', '94', 15),
(311, '114', '97', 15),
(312, '114', '100', 15),
(313, '114', '101', 15),
(314, '114', '102', 15),
(315, '114', '103', 15),
(316, '114', '104', 15);
COMMIT;

/*!40101 SET CHARACTER_SET_CLIENT=@OLD_CHARACTER_SET_CLIENT */;
/*!40101 SET CHARACTER_SET_RESULTS=@OLD_CHARACTER_SET_RESULTS */;
/*!40101 SET COLLATION_CONNECTION=@OLD_COLLATION_CONNECTION */;
